date,open,high,low,close,change,volume
23 Jun 2021,106.03,107.00,106.02,106.52,0.43,0.41
22 Jun 2021,106.00,106.60,105.95,106.09,-0.18,-0.17
21 Jun 2021,106.52,106.89,106.00,106.27,-0.66,-0.62
18 Jun 2021,106.10,107.15,106.01,106.93,0.83,0.78
17 Jun 2021,106.61,106.62,106.00,106.10,-0.52,-0.49
16 Jun 2021,106.16,107.10,106.15,106.62,0.39,0.37
15 Jun 2021,105.20,106.50,105.17,106.23,1.07,1.02
14 Jun 2021,107.74,107.74,105.00,105.16,-1.66,-1.55
11 Jun 2021,105.95,107.45,105.68,106.82,1.14,1.08
10 Jun 2021,105.00,106.15,104.60,105.68,1.08,1.03
09 Jun 2021,107.85,108.60,107.81,108.10,0.14,0.13
08 Jun 2021,107.95,108.25,107.46,107.96,0.22,0.20
07 Jun 2021,107.75,108.30,107.40,107.74,0.21,0.20
04 Jun 2021,107.65,107.90,107.20,107.53,0.39,0.36
03 Jun 2021,108.29,108.29,107.00,107.14,-0.79,-0.73
02 Jun 2021,107.71,108.80,107.71,107.93,-0.15,-0.14
01 Jun 2021,107.55,108.30,107.39,108.08,0.69,0.64
31 May 2021,108.25,108.85,106.51,107.39,-0.53,-0.49
28 May 2021,106.50,108.00,106.50,107.92,1.56,1.47
27 May 2021,107.30,108.45,105.50,106.36,-1.10,-1.02
26 May 2021,108.60,109.00,107.26,107.46,-1.34,-1.23
25 May 2021,109.00,109.10,108.50,108.80,-0.24,-0.22
24 May 2021,109.40,109.40,108.50,109.04,0.06,0.06
21 May 2021,108.80,109.00,108.50,108.98,0.04,0.04
20 May 2021,108.36,109.00,108.35,108.94,0.01,0.01
19 May 2021,109.50,109.50,108.55,108.93,-0.47,-0.43
18 May 2021,108.99,109.50,108.90,109.40,0.15,0.14
17 May 2021,108.00,110.20,107.40,109.25,1.24,1.15
06 May 2021,108.00,108.25,107.00,108.01,0.01,0.01
05 May 2021,107.50,108.10,107.50,108.00,0.52,0.48
04 May 2021,106.15,107.60,105.65,107.48,1.33,1.25
03 May 2021,105.50,106.30,104.60,106.15,0.82,0.78
30 Apr 2021,105.00,106.25,104.76,105.33,0.29,0.28
29 Apr 2021,106.39,106.39,105.00,105.04,-0.30,-0.28
28 Apr 2021,104.00,106.05,104.00,105.34,1.29,1.24
27 Apr 2021,105.01,106.30,103.75,104.05,-0.73,-0.70
26 Apr 2021,103.05,105.99,103.03,104.78,1.55,1.50
23 Apr 2021,103.50,104.50,102.80,103.23,-0.31,-0.30
22 Apr 2021,104.00,104.65,103.25,103.54,-0.41,-0.39
21 Apr 2021,105.50,105.50,103.50,103.95,-1.38,-1.31
20 Apr 2021,105.15,106.00,104.80,105.33,0.67,0.64
19 Apr 2021,106.73,106.73,104.00,104.66,-1.38,-1.30
16 Apr 2021,106.48,106.50,106.00,106.04,-0.06,-0.06
15 Apr 2021,105.30,106.48,105.00,106.10,0.79,0.75
14 Apr 2021,104.49,105.78,104.15,105.31,1.18,1.13
13 Apr 2021,103.50,104.54,103.49,104.13,0.31,0.30
12 Apr 2021,102.35,103.99,102.35,103.82,1.47,1.44
09 Apr 2021,102.70,103.00,102.00,102.35,-0.12,-0.12
08 Apr 2021,102.50,104.00,101.75,102.47,0.72,0.71
07 Apr 2021,104.30,104.30,101.50,101.75,-2.15,-2.07
06 Apr 2021,103.89,104.00,103.05,103.90,0.71,0.69
05 Apr 2021,104.60,104.50,103.00,103.19,-0.63,-0.61
02 Apr 2021,105.25,105.25,103.75,103.82,-0.74,-0.71
01 Apr 2021,104.45,106.25,104.20,104.56,0.07,0.07
31 Mar 2021,105.50,105.70,103.75,104.49,-0.63,-0.60
30 Mar 2021,104.72,105.75,104.01,105.12,1.29,1.24
29 Mar 2021,105.00,105.00,103.75,103.83,-1.17,-1.11
26 Mar 2021,104.50,105.47,104.39,105.00,0.45,0.43
25 Mar 2021,105.75,105.75,104.50,104.55,-0.52,-0.49
24 Mar 2021,104.50,105.47,104.50,105.07,0.38,0.36
22 Mar 2021,104.26,105.10,104.00,104.69,-0.09,-0.09
19 Mar 2021,105.50,106.00,104.50,104.78,-1.03,-0.97
18 Mar 2021,104.95,106.20,104.51,105.81,0.95,0.91
17 Mar 2021,104.30,105.15,104.15,104.86,0.67,0.64
16 Mar 2021,104.49,104.49,102.01,104.19,0.27,0.26
15 Mar 2021,104.00,104.99,103.25,103.92,0.49,0.47
12 Mar 2021,102.50,104.00,102.10,103.43,1.37,1.34
11 Mar 2021,103.90,103.90,101.25,102.06,-1.25,-1.21
10 Mar 2021,105.60,105.60,102.75,103.31,-1.24,-1.19
09 Mar 2021,109.00,109.50,107.50,107.95,-1.02,-0.94
08 Mar 2021,110.50,110.50,108.75,108.97,-0.38,-0.35
05 Mar 2021,109.00,109.90,108.50,109.35,0.53,0.49
04 Mar 2021,109.00,109.85,108.51,108.82,-1.40,-1.27
03 Mar 2021,110.89,110.89,110.00,110.22,-0.10,-0.09
02 Mar 2021,110.85,110.85,109.75,110.32,-0.29,-0.26
01 Mar 2021,110.50,110.97,109.50,110.61,0.16,0.14
26 Feb 2021,109.50,110.97,109.00,110.45,1.14,1.04
25 Feb 2021,109.00,109.50,109.00,109.31,0.45,0.41
24 Feb 2021,109.01,109.50,108.50,108.86,-0.42,-0.38
23 Feb 2021,109.30,109.49,108.80,109.28,-0.13,-0.12
22 Feb 2021,109.49,109.90,108.25,109.41,0.27,0.25
19 Feb 2021,109.01,109.50,108.75,109.14,0.11,0.10
18 Feb 2021,109.85,109.85,109.00,109.03,-0.60,-0.55
17 Feb 2021,109.00,110.50,109.00,109.63,1.04,0.96
16 Feb 2021,108.00,108.90,107.91,108.59,0.61,0.56
15 Feb 2021,108.70,109.00,107.89,107.98,-0.44,-0.41
12 Feb 2021,109.00,109.00,108.05,108.42,-0.18,-0.17
11 Feb 2021,109.03,109.60,108.25,108.60,-0.60,-0.55
10 Feb 2021,109.95,110.15,109.00,109.20,-0.31,-0.28
09 Feb 2021,110.00,110.44,109.02,109.51,0.11,0.10
08 Feb 2021,110.98,111.47,109.00,109.40,-1.61,-1.45
04 Feb 2021,110.98,111.20,110.65,111.01,0.47,0.43
03 Feb 2021,110.45,111.72,109.85,110.54,0.29,0.26
02 Feb 2021,110.50,110.50,109.50,110.25,0.22,0.20
01 Feb 2021,110.30,110.80,109.50,110.03,-0.08,-0.07
29 Jan 2021,111.97,112.75,110.00,110.11,-1.34,-1.20
28 Jan 2021,113.90,115.00,111.00,111.45,-2.23,-1.96
27 Jan 2021,112.45,113.97,112.20,113.68,1.43,1.27
26 Jan 2021,112.15,112.75,111.60,112.25,0.23,0.21
25 Jan 2021,111.25,112.50,111.00,112.02,1.07,0.96
22 Jan 2021,111.40,111.60,110.75,110.95,-0.43,-0.39
21 Jan 2021,110.50,111.75,110.50,111.38,-0.01,-0.01
20 Jan 2021,111.25,111.50,110.25,111.39,-0.35,-0.31
19 Jan 2021,111.20,112.01,109.70,111.74,0.71,0.64
18 Jan 2021,111.01,112.00,110.86,111.03,-0.16,-0.14
15 Jan 2021,111.90,111.90,110.90,111.19,-0.08,-0.07
14 Jan 2021,111.65,111.80,110.25,111.27,-0.38,-0.34
13 Jan 2021,112.19,112.19,111.30,111.65,-0.12,-0.11
12 Jan 2021,112.50,112.55,111.32,111.77,-0.61,-0.54
11 Jan 2021,112.50,112.95,111.75,112.38,0.43,0.38
08 Jan 2021,112.50,113.62,111.40,111.95,-1.04,-0.92
07 Jan 2021,110.95,113.45,110.89,112.99,2.33,2.11
06 Jan 2021,110.00,111.20,110.00,110.66,-0.03,-0.03
05 Jan 2021,109.99,110.99,109.75,110.69,0.25,0.23
04 Jan 2021,109.45,111.08,109.17,110.44,1.27,1.16
01 Jan 2021,108.94,110.65,108.60,109.17,0.67,0.62
31 Dec 2020,108.49,110.00,108.01,108.50,0.22,0.20
30 Dec 2020,108.18,108.49,107.60,108.28,0.60,0.56
29 Dec 2020,109.30,109.45,107.50,107.68,-1.30,-1.19
28 Dec 2020,108.85,109.30,108.50,108.98,0.18,0.17
24 Dec 2020,109.00,109.90,108.50,108.80,-0.35,-0.32
23 Dec 2020,109.24,111.20,109.00,109.15,-0.60,-0.55
22 Dec 2020,108.50,110.15,108.01,109.75,1.00,0.92
21 Dec 2020,108.21,109.00,107.56,108.75,0.57,0.53
18 Dec 2020,108.10,109.22,107.99,108.18,-0.23,-0.21
17 Dec 2020,108.25,109.00,107.01,108.41,0.44,0.41
16 Dec 2020,107.00,109.45,107.00,107.97,0.72,0.67
15 Dec 2020,106.49,108.55,105.62,107.25,1.08,1.02
14 Dec 2020,102.40,106.75,102.40,106.17,3.91,3.82
11 Dec 2020,102.00,102.60,101.45,102.26,0.17,0.17
10 Dec 2020,100.25,102.49,100.20,102.09,2.02,2.02
09 Dec 2020,100.16,100.99,99.95,100.07,-0.25,-0.25
08 Dec 2020,101.49,101.65,100.25,100.32,-0.97,-0.96
07 Dec 2020,101.79,101.80,100.75,101.29,-0.17,-0.17
04 Dec 2020,102.35,102.50,101.00,101.46,-0.77,-0.75
03 Dec 2020,102.00,103.00,101.51,102.23,0.95,0.94
02 Dec 2020,104.25,104.60,103.65,103.83,-0.17,-0.16
01 Dec 2020,103.42,104.50,103.42,104.00,0.59,0.57
30 Nov 2020,104.05,105.00,102.60,103.41,-0.71,-0.68
27 Nov 2020,105.35,105.45,104.00,104.12,-0.88,-0.84
26 Nov 2020,104.50,105.95,104.25,105.00,0.68,0.65
25 Nov 2020,104.20,104.55,104.00,104.32,0.38,0.37
24 Nov 2020,103.00,104.75,102.90,103.94,0.86,0.83
23 Nov 2020,104.25,104.25,102.50,103.08,-0.70,-0.67
20 Nov 2020,104.06,104.49,103.35,103.78,-0.48,-0.46
19 Nov 2020,104.33,104.79,104.02,104.26,-0.47,-0.45
18 Nov 2020,104.32,104.95,104.20,104.73,0.33,0.32
17 Nov 2020,105.20,105.20,104.25,104.40,-0.71,-0.68
16 Nov 2020,104.89,105.26,104.50,105.11,0.66,0.63
13 Nov 2020,104.50,104.60,104.01,104.45,-0.29,-0.28
12 Nov 2020,105.48,105.48,104.52,104.74,-0.48,-0.46
11 Nov 2020,104.60,105.50,104.49,105.22,0.40,0.38
10 Nov 2020,105.99,106.00,104.40,104.82,-0.31,-0.29
09 Nov 2020,105.00,105.50,104.74,105.13,0.38,0.36
06 Nov 2020,106.00,106.00,104.65,104.75,-0.92,-0.87
05 Nov 2020,104.80,106.49,104.71,105.67,1.01,0.97
04 Nov 2020,105.14,105.54,104.50,104.66,-0.22,-0.21
03 Nov 2020,105.00,105.98,104.25,104.88,0.08,0.08
02 Nov 2020,105.50,106.10,103.90,104.80,-0.84,-0.80
29 Oct 2020,107.55,107.90,105.01,105.64,-2.49,-2.30
28 Oct 2020,108.49,110.60,107.76,108.13,0.01,0.01
27 Oct 2020,108.00,108.75,107.52,108.12,0.22,0.20
26 Oct 2020,108.02,109.10,107.55,107.90,-0.14,-0.13
23 Oct 2020,108.00,108.85,107.52,108.04,-0.48,-0.44
22 Oct 2020,107.99,109.45,107.50,108.52,0.63,0.58
21 Oct 2020,106.50,108.00,106.50,107.89,1.39,1.31
20 Oct 2020,106.25,107.00,105.85,106.50,0.58,0.55
19 Oct 2020,105.75,106.25,105.40,105.92,-0.08,-0.08
16 Oct 2020,106.50,107.25,105.00,106.00,-0.63,-0.59
15 Oct 2020,106.06,107.00,106.05,106.63,0.40,0.38
14 Oct 2020,106.00,106.49,105.49,106.23,0.10,0.09
13 Oct 2020,107.00,107.00,105.75,106.13,-0.63,-0.59
12 Oct 2020,107.10,108.01,106.38,106.76,-0.63,-0.59
09 Oct 2020,106.90,107.90,106.60,107.39,0.45,0.42
08 Oct 2020,105.50,107.50,105.41,106.94,1.80,1.71
07 Oct 2020,105.55,105.90,105.00,105.14,-0.25,-0.24
06 Oct 2020,106.25,106.45,104.40,105.39,-0.61,-0.58
05 Oct 2020,106.55,107.50,105.60,106.00,-1.50,-1.40
02 Oct 2020,107.11,107.97,107.10,107.50,0.00,0.00
01 Oct 2020,107.55,108.30,106.91,107.50,-0.49,-0.45
30 Sep 2020,109.97,109.97,107.51,107.99,-1.21,-1.11
29 Sep 2020,109.00,109.80,108.20,109.20,0.17,0.16
28 Sep 2020,110.11,110.70,108.70,109.03,-1.43,-1.29
25 Sep 2020,109.10,110.75,109.00,110.46,0.47,0.43
24 Sep 2020,109.00,110.10,109.00,109.99,0.95,0.87
23 Sep 2020,109.01,109.65,108.75,109.04,-0.19,-0.17
22 Sep 2020,110.00,110.24,108.75,109.23,-1.13,-1.02
21 Sep 2020,111.60,111.60,110.25,110.36,-1.30,-1.16
18 Sep 2020,110.00,111.98,109.51,111.66,1.76,1.60
17 Sep 2020,110.63,110.95,109.52,109.90,-0.73,-0.66
16 Sep 2020,109.70,111.11,108.75,110.63,0.93,0.85
15 Sep 2020,109.75,110.43,109.50,109.70,0.26,0.24
14 Sep 2020,109.01,111.00,109.00,109.44,-0.06,-0.05
11 Sep 2020,109.23,109.95,108.50,109.50,0.58,0.53
10 Sep 2020,109.85,110.00,108.50,108.92,0.27,0.25
09 Sep 2020,110.20,111.51,110.00,111.40,0.45,0.41
08 Sep 2020,110.95,113.00,110.70,110.95,0.37,0.33
07 Sep 2020,109.25,112.05,109.25,110.58,1.78,1.64
04 Sep 2020,109.50,109.50,108.51,108.80,-0.38,-0.35
03 Sep 2020,108.50,110.20,108.50,109.18,0.81,0.75
02 Sep 2020,108.00,109.80,107.25,108.37,0.50,0.46
01 Sep 2020,108.01,108.40,107.60,107.87,-0.14,-0.13
31 Aug 2020,108.70,108.80,107.95,108.01,-0.70,-0.64
28 Aug 2020,108.00,109.03,108.00,108.71,0.17,0.16
27 Aug 2020,108.20,108.65,108.00,108.54,0.34,0.31
26 Aug 2020,108.80,108.90,107.77,108.20,-0.26,-0.24
25 Aug 2020,108.50,109.25,108.30,108.46,0.13,0.12
24 Aug 2020,109.00,110.89,107.92,108.33,-0.97,-0.89
21 Aug 2020,109.02,110.00,108.50,109.30,0.08,0.07
20 Aug 2020,108.50,110.50,108.02,109.22,0.63,0.58
19 Aug 2020,108.50,108.99,104.00,108.59,0.58,0.54
18 Aug 2020,108.02,108.89,107.71,108.01,0.27,0.25
17 Aug 2020,107.50,108.49,104.49,107.74,0.43,0.40
13 Aug 2020,114.75,114.75,106.15,107.31,-7.23,-6.31
12 Aug 2020,113.00,118.19,113.00,114.54,3.93,3.55
11 Aug 2020,109.11,111.10,109.11,110.61,1.39,1.27
10 Aug 2020,108.98,110.00,108.52,109.22,0.63,0.58
07 Aug 2020,109.25,109.45,108.50,108.59,-0.54,-0.49
06 Aug 2020,109.00,109.90,108.51,109.13,0.34,0.31
05 Aug 2020,109.50,109.96,108.60,108.79,-0.83,-0.76
04 Aug 2020,111.00,111.00,109.35,109.62,-1.35,-1.22
03 Aug 2020,110.55,111.50,110.42,110.97,0.23,0.21
30 Jul 2020,110.15,111.00,110.00,110.74,0.22,0.20
29 Jul 2020,111.55,112.00,110.25,110.52,-1.24,-1.11
28 Jul 2020,112.75,112.98,111.50,111.76,-0.20,-0.18
27 Jul 2020,111.00,113.50,111.00,111.96,0.98,0.88
24 Jul 2020,111.03,111.55,110.75,110.98,-0.04,-0.04
23 Jul 2020,111.01,111.97,111.00,111.02,0.08,0.07
22 Jul 2020,110.80,111.20,110.01,110.94,-0.15,-0.14
21 Jul 2020,111.25,111.25,110.50,111.09,-0.15,-0.13
20 Jul 2020,111.60,112.00,110.51,111.24,-0.36,-0.32
17 Jul 2020,111.00,111.90,110.50,111.60,0.63,0.57
16 Jul 2020,111.15,111.50,110.65,110.97,-0.17,-0.15
15 Jul 2020,111.50,111.75,110.86,111.14,-0.63,-0.56
14 Jul 2020,111.03,112.00,110.71,111.77,0.45,0.40
13 Jul 2020,110.80,111.72,110.15,111.32,0.80,0.72
10 Jul 2020,110.51,110.95,110.40,110.52,-0.19,-0.17
09 Jul 2020,111.00,111.00,109.90,110.71,-0.18,-0.16
08 Jul 2020,111.10,111.90,110.50,110.89,-0.08,-0.07
07 Jul 2020,110.15,112.10,110.15,110.97,0.00,0.00
06 Jul 2020,112.15,112.15,110.00,110.97,-1.17,-1.04
03 Jul 2020,110.65,112.50,109.25,112.14,1.57,1.42
02 Jul 2020,111.00,112.50,110.01,110.57,-0.82,-0.74
01 Jul 2020,110.01,111.99,110.00,111.39,1.40,1.27
30 Jun 2020,109.10,110.20,109.00,109.99,0.92,0.84
29 Jun 2020,109.48,109.50,107.76,109.07,-0.37,-0.34
26 Jun 2020,106.32,109.55,106.32,109.44,3.66,3.46
25 Jun 2020,106.45,106.55,105.35,105.78,-1.59,-1.48
24 Jun 2020,107.51,107.68,106.75,107.37,-0.15,-0.14
23 Jun 2020,106.12,107.80,106.02,107.52,1.40,1.32
22 Jun 2020,103.31,106.95,103.01,106.12,2.74,2.65
19 Jun 2020,104.01,104.80,103.25,103.38,-0.16,-0.15
18 Jun 2020,104.90,104.95,103.31,103.54,-1.34,-1.28
17 Jun 2020,106.40,106.75,104.45,104.88,-1.09,-1.03
16 Jun 2020,106.90,107.25,105.54,105.97,-1.04,-0.97
15 Jun 2020,107.50,107.70,106.56,107.01,-0.74,-0.69
12 Jun 2020,107.99,108.00,106.50,107.75,0.27,0.25
11 Jun 2020,108.54,110.15,108.50,109.98,1.59,1.47
10 Jun 2020,108.46,108.50,108.00,108.39,0.12,0.11
09 Jun 2020,108.24,108.57,107.90,108.27,0.24,0.22
08 Jun 2020,108.27,108.73,107.80,108.03,-0.24,-0.22
05 Jun 2020,108.49,108.50,108.10,108.27,0.04,0.04
04 Jun 2020,108.25,108.75,107.90,108.23,0.35,0.32
03 Jun 2020,108.05,108.55,105.15,107.88,-0.17,-0.16
02 Jun 2020,109.00,109.10,107.26,108.05,-1.11,-1.02
01 Jun 2020,109.20,109.40,108.70,109.16,-0.36,-0.33
29 May 2020,108.70,110.50,108.00,109.52,0.86,0.79
28 May 2020,108.99,109.00,108.00,108.66,-0.10,-0.09
21 May 2020,108.50,109.50,108.50,108.76,0.26,0.24
20 May 2020,110.20,111.00,108.00,108.50,-1.81,-1.64
19 May 2020,109.62,111.00,109.62,110.31,0.20,0.18
18 May 2020,111.90,112.00,109.90,110.11,-1.45,-1.30
15 May 2020,111.10,111.95,110.50,111.56,0.43,0.39
14 May 2020,111.10,113.00,109.80,111.13,3.10,2.87
13 May 2020,107.95,108.48,107.60,108.03,0.34,0.32
12 May 2020,107.92,108.00,107.00,107.69,0.49,0.46
11 May 2020,106.94,107.98,106.30,107.20,0.26,0.24
08 May 2020,107.60,107.60,106.36,106.94,-0.48,-0.45
07 May 2020,107.92,107.92,107.00,107.42,-0.50,-0.46
06 May 2020,109.00,109.25,107.70,107.92,-1.13,-1.04
05 May 2020,110.00,110.18,108.50,109.05,-1.90,-1.71
04 May 2020,112.40,112.40,109.33,110.95,-0.84,-0.75
30 Apr 2020,110.50,113.00,110.10,111.79,1.78,1.62
29 Apr 2020,107.80,111.00,107.05,110.01,2.94,2.75
28 Apr 2020,107.49,107.80,106.95,107.07,-0.01,-0.01
27 Apr 2020,106.98,109.00,105.00,107.08,0.42,0.39
24 Apr 2020,105.00,107.25,104.90,106.66,1.67,1.59
23 Apr 2020,105.31,105.50,104.50,104.99,-0.32,-0.30
22 Apr 2020,104.25,106.00,102.90,105.31,0.88,0.84
21 Apr 2020,107.50,107.50,103.86,104.43,-4.01,-3.70
20 Apr 2020,107.99,109.25,105.15,108.44,4.51,4.34
17 Apr 2020,102.00,103.93,102.00,103.93,7.25,7.50
16 Apr 2020,95.40,97.50,95.40,96.68,1.24,1.30
15 Apr 2020,95.25,97.00,95.25,95.44,0.91,0.96
14 Apr 2020,94.20,94.90,93.91,94.53,0.38,0.40
13 Apr 2020,94.51,95.26,94.00,94.15,-1.56,-1.63
10 Apr 2020,95.47,95.99,93.03,95.71,1.15,1.22
09 Apr 2020,92.39,94.80,92.02,94.56,3.20,3.50
08 Apr 2020,91.10,92.00,90.60,91.36,0.36,0.40
07 Apr 2020,90.98,91.35,90.25,91.00,0.89,0.99
06 Apr 2020,93.21,93.21,89.99,90.11,-2.85,-3.07
03 Apr 2020,93.77,94.52,92.50,92.96,-0.54,-0.58
02 Apr 2020,93.50,94.00,91.91,93.50,-0.56,-0.60
01 Apr 2020,92.75,95.50,91.05,94.06,1.05,1.13
31 Mar 2020,91.95,93.48,90.00,93.01,2.01,2.21
30 Mar 2020,86.58,91.75,86.00,91.00,2.42,2.73
27 Mar 2020,85.76,89.48,84.75,88.58,2.83,3.30
26 Mar 2020,87.50,89.00,85.00,85.75,0.46,0.54
25 Mar 2020,85.00,87.40,79.55,85.29,2.58,3.12
24 Mar 2020,82.71,83.76,82.71,82.71,-6.70,-7.49
20 Mar 2020,90.00,92.00,86.15,89.41,0.41,0.46
19 Mar 2020,77.50,89.33,77.11,89.00,5.90,7.10
18 Mar 2020,88.50,89.00,82.89,83.10,-6.51,-7.26
17 Mar 2020,88.00,93.00,88.00,89.61,0.82,0.92
16 Mar 2020,95.25,95.60,88.39,88.79,-6.52,-6.84
13 Mar 2020,95.25,97.50,92.99,95.31,-1.05,-1.09
12 Mar 2020,99.98,100.25,95.00,96.36,-3.91,-3.90
11 Mar 2020,101.02,102.50,100.25,100.27,-1.13,-1.11
10 Mar 2020,99.00,101.70,98.77,101.40,2.66,2.69
09 Mar 2020,98.00,100.00,93.88,98.74,-2.20,-2.18
06 Mar 2020,103.89,103.89,99.86,100.94,-2.49,-2.41
05 Mar 2020,104.75,107.00,104.75,106.68,2.47,2.37
04 Mar 2020,103.00,104.50,102.00,104.21,1.29,1.25
03 Mar 2020,105.90,106.00,102.50,102.92,-2.87,-2.71
02 Mar 2020,103.95,106.00,103.95,105.79,2.23,2.15
28 Feb 2020,102.75,104.00,102.75,103.56,1.17,1.14
27 Feb 2020,102.01,103.70,100.50,102.39,-1.08,-1.04
26 Feb 2020,104.50,104.50,103.01,103.47,-0.74,-0.71
25 Feb 2020,104.99,105.85,104.00,104.21,-0.82,-0.78
24 Feb 2020,106.99,106.99,104.25,105.03,-1.98,-1.85
21 Feb 2020,108.00,108.10,106.70,107.01,-1.02,-0.94
20 Feb 2020,108.00,111.35,107.75,108.03,0.05,0.05
19 Feb 2020,106.60,108.25,106.60,107.98,1.34,1.26
18 Feb 2020,106.01,109.99,106.01,106.64,1.14,1.08
17 Feb 2020,105.25,105.87,105.25,105.50,0.05,0.05
14 Feb 2020,105.49,105.75,105.10,105.45,0.11,0.10
13 Feb 2020,105.50,105.74,105.00,105.34,-0.17,-0.16
12 Feb 2020,105.90,106.24,104.98,105.51,-0.02,-0.02
11 Feb 2020,104.80,105.80,104.80,105.53,0.49,0.47
10 Feb 2020,105.92,106.50,104.50,105.04,-0.67,-0.63
07 Feb 2020,105.59,106.00,104.74,105.71,0.50,0.48
06 Feb 2020,105.00,106.00,104.80,105.21,0.66,0.63
04 Feb 2020,104.43,104.99,103.50,104.55,0.12,0.11
03 Feb 2020,104.70,105.50,103.75,104.43,-0.71,-0.68
31 Jan 2020,105.89,106.30,104.69,105.14,-0.37,-0.35
30 Jan 2020,105.99,107.75,104.81,105.51,-0.04,-0.04
29 Jan 2020,106.25,106.75,105.35,105.55,-0.93,-0.87
28 Jan 2020,107.00,107.16,106.25,106.48,-1.10,-1.02
27 Jan 2020,106.50,108.00,105.55,107.58,0.95,0.89
24 Jan 2020,105.10,107.35,105.10,106.63,0.47,0.44
23 Jan 2020,106.78,107.35,105.85,106.16,-0.62,-0.58
22 Jan 2020,105.50,107.60,105.00,106.78,1.32,1.25
21 Jan 2020,106.40,106.40,105.00,105.46,-1.18,-1.11
20 Jan 2020,103.49,107.73,102.65,106.64,3.64,3.53
17 Jan 2020,103.10,103.60,102.75,103.00,-0.06,-0.06
16 Jan 2020,102.00,103.44,102.00,103.06,1.12,1.10
15 Jan 2020,102.49,102.60,101.51,101.94,-0.63,-0.61
14 Jan 2020,102.40,102.99,102.10,102.57,0.09,0.09
13 Jan 2020,103.30,103.50,102.00,102.48,-0.57,-0.55
10 Jan 2020,102.00,103.25,101.50,103.05,1.34,1.32
09 Jan 2020,100.90,102.00,99.80,101.71,2.83,2.86
08 Jan 2020,100.00,101.00,98.50,98.88,-2.35,-2.32
07 Jan 2020,100.00,101.75,99.75,101.23,1.39,1.39
06 Jan 2020,101.03,101.75,99.50,99.84,-2.28,-2.23
03 Jan 2020,102.75,103.00,101.90,102.12,-0.34,-0.33
02 Jan 2020,103.00,103.70,101.65,102.46,0.11,0.11
01 Jan 2020,101.75,102.89,101.60,102.35,0.88,0.87
31 Dec 2019,99.25,101.75,99.00,101.47,2.19,2.21
30 Dec 2019,101.75,101.98,99.00,99.28,-1.76,-1.74
27 Dec 2019,102.97,103.00,100.55,101.04,-1.61,-1.57
26 Dec 2019,102.50,103.00,102.00,102.65,0.72,0.71
24 Dec 2019,102.00,102.50,100.51,101.93,0.08,0.08
23 Dec 2019,103.10,103.10,101.50,101.85,-1.24,-1.20
20 Dec 2019,102.25,104.00,102.20,103.09,1.16,1.14
19 Dec 2019,103.85,104.32,101.01,101.93,-1.62,-1.56
18 Dec 2019,102.04,104.00,101.50,103.55,0.31,0.30
17 Dec 2019,106.00,106.50,101.01,103.24,-3.08,-2.90
16 Dec 2019,105.48,106.50,105.00,106.32,1.03,0.98
13 Dec 2019,106.50,106.50,104.50,105.29,-0.58,-0.55
12 Dec 2019,105.75,105.98,105.00,105.87,0.16,0.15
11 Dec 2019,105.00,106.00,104.61,105.71,0.87,0.83
10 Dec 2019,104.80,105.49,104.39,104.84,-0.10,-0.10
09 Dec 2019,105.00,106.40,104.75,104.94,0.23,0.22
06 Dec 2019,105.50,106.00,104.25,104.71,-0.47,-0.45
05 Dec 2019,105.00,106.25,104.61,105.18,0.54,0.52
04 Dec 2019,104.73,105.00,103.56,104.64,0.91,0.88
03 Dec 2019,106.90,107.25,105.10,105.93,-0.58,-0.54
02 Dec 2019,106.70,107.85,105.30,106.51,0.14,0.13
29 Nov 2019,106.40,107.50,105.86,106.37,0.58,0.55
28 Nov 2019,104.65,106.89,104.00,105.79,1.20,1.15
27 Nov 2019,102.00,105.01,101.02,104.59,2.52,2.47
26 Nov 2019,103.01,103.48,100.00,102.07,-0.88,-0.85
25 Nov 2019,101.99,103.25,101.05,102.95,1.15,1.13
22 Nov 2019,98.70,102.06,98.25,101.80,3.50,3.56
21 Nov 2019,100.41,100.41,98.01,98.30,-2.11,-2.10
20 Nov 2019,99.00,102.50,97.25,100.41,1.53,1.55
19 Nov 2019,98.25,99.50,97.60,98.88,0.90,0.92
18 Nov 2019,96.00,98.25,96.00,97.98,2.22,2.32
15 Nov 2019,96.20,96.25,95.00,95.76,-0.31,-0.32
14 Nov 2019,95.99,96.99,95.25,96.07,0.29,0.30
13 Nov 2019,95.99,96.40,94.10,95.78,0.03,0.03
12 Nov 2019,98.44,98.49,95.51,95.75,-2.25,-2.30
11 Nov 2019,98.25,98.75,97.80,98.00,0.19,0.19
08 Nov 2019,96.80,98.68,96.80,97.81,0.75,0.77
07 Nov 2019,96.10,97.50,95.50,97.06,0.84,0.87
06 Nov 2019,97.25,98.80,95.90,96.22,-0.44,-0.46
05 Nov 2019,97.75,98.01,96.50,96.66,-0.83,-0.85
04 Nov 2019,94.85,97.89,94.40,97.49,2.88,3.04
01 Nov 2019,94.24,95.00,94.00,94.61,0.45,0.48
31 Oct 2019,94.91,95.25,93.50,94.16,-0.74,-0.78
30 Oct 2019,95.01,95.35,93.90,94.90,-0.77,-0.80
29 Oct 2019,96.50,96.50,95.25,95.67,-0.53,-0.55
28 Oct 2019,97.50,97.75,95.50,96.20,-1.13,-1.16
25 Oct 2019,98.00,98.00,97.00,97.33,-0.38,-0.39
24 Oct 2019,97.00,98.50,97.00,97.71,0.69,0.71
23 Oct 2019,96.00,97.90,96.00,97.02,0.74,0.77
22 Oct 2019,95.35,96.50,95.35,96.28,0.27,0.28
21 Oct 2019,96.10,96.70,95.53,96.01,-0.53,-0.55
18 Oct 2019,95.50,96.75,93.55,96.54,0.69,0.72
17 Oct 2019,96.03,96.30,95.75,95.85,-0.35,-0.36
16 Oct 2019,95.25,96.50,95.25,96.20,0.95,1.00
15 Oct 2019,95.18,95.35,94.75,95.25,0.01,0.01
14 Oct 2019,96.20,96.20,95.01,95.24,-0.71,-0.74
11 Oct 2019,96.51,96.80,95.50,95.95,-0.53,-0.55
10 Oct 2019,96.30,97.20,96.25,96.48,0.18,0.19
09 Oct 2019,96.40,96.50,96.00,96.30,-0.29,-0.30
08 Oct 2019,96.00,97.00,95.70,96.59,0.91,0.95
07 Oct 2019,93.84,96.00,93.60,95.68,2.15,2.30
04 Oct 2019,93.94,94.50,93.40,93.53,0.13,0.14
03 Oct 2019,92.06,93.75,92.00,93.40,1.30,1.41
02 Oct 2019,92.50,92.60,91.90,92.10,-0.34,-0.37
01 Oct 2019,93.03,93.35,92.00,92.44,-0.59,-0.63
30 Sep 2019,92.95,94.47,92.40,93.03,0.09,0.10
27 Sep 2019,92.25,93.00,92.00,92.94,0.93,1.01
26 Sep 2019,92.10,92.45,91.70,92.01,-0.06,-0.07
25 Sep 2019,92.10,92.39,92.00,92.07,-0.09,-0.10
24 Sep 2019,92.05,92.75,91.80,92.16,0.22,0.24
23 Sep 2019,91.40,92.25,91.35,91.94,0.15,0.16
20 Sep 2019,91.60,92.25,91.50,91.79,-0.07,-0.08
19 Sep 2019,90.29,92.25,90.25,91.86,1.57,1.74
18 Sep 2019,91.20,91.85,90.10,90.29,-1.21,-1.32
17 Sep 2019,92.52,93.24,91.25,91.50,-1.33,-1.43
16 Sep 2019,93.75,93.75,92.00,92.83,0.00,0.00
13 Sep 2019,93.00,93.45,92.00,92.83,-0.05,-0.05
12 Sep 2019,91.00,93.25,91.00,92.88,2.74,3.04
11 Sep 2019,91.25,93.44,91.25,92.99,2.05,2.25
06 Sep 2019,91.15,91.15,90.11,90.94,-0.23,-0.25
05 Sep 2019,90.90,92.25,89.30,91.17,-0.23,-0.25
04 Sep 2019,92.00,92.40,89.00,91.40,-1.15,-1.24
03 Sep 2019,94.00,94.25,92.01,92.55,-0.52,-0.56
02 Sep 2019,91.95,93.50,91.70,93.07,1.76,1.93
30 Aug 2019,93.30,96.73,90.57,91.31,-2.60,-2.77
29 Aug 2019,89.10,93.95,88.65,93.91,4.43,4.95
28 Aug 2019,90.00,90.75,89.00,89.48,-0.08,-0.09
27 Aug 2019,88.39,89.89,87.01,89.56,1.14,1.29
26 Aug 2019,90.00,91.79,87.60,88.42,-1.71,-1.90
23 Aug 2019,92.90,95.02,89.50,90.13,-2.81,-3.02
22 Aug 2019,91.43,93.30,91.43,92.94,1.53,1.67
21 Aug 2019,91.20,92.44,90.80,91.41,0.26,0.29
20 Aug 2019,91.00,91.95,90.05,91.15,0.61,0.67
19 Aug 2019,90.20,90.90,88.75,90.54,0.54,0.60
16 Aug 2019,91.72,92.20,89.32,90.00,-3.47,-3.71
09 Aug 2019,94.49,95.01,93.26,93.47,-0.20,-0.21
08 Aug 2019,93.49,94.50,90.01,93.67,0.23,0.25
07 Aug 2019,95.00,95.00,93.00,93.44,-1.99,-2.09
06 Aug 2019,94.25,97.02,94.20,95.43,1.24,1.32
05 Aug 2019,93.50,94.99,92.80,94.19,-0.20,-0.21
02 Aug 2019,94.95,95.50,94.00,94.39,-0.17,-0.18
01 Aug 2019,95.79,95.79,94.15,94.56,-0.70,-0.73
31 Jul 2019,94.00,95.50,93.53,95.26,1.29,1.37
30 Jul 2019,94.35,94.50,93.70,93.97,-0.62,-0.66
29 Jul 2019,95.70,95.94,94.20,94.59,-0.46,-0.48
26 Jul 2019,96.30,96.50,94.80,95.05,-1.34,-1.39
25 Jul 2019,95.01,96.85,94.60,96.39,0.84,0.88
24 Jul 2019,96.00,96.75,95.00,95.55,-1.17,-1.21
23 Jul 2019,94.60,97.00,93.80,96.72,1.73,1.82
22 Jul 2019,95.59,95.59,93.30,94.99,0.90,0.96
19 Jul 2019,92.00,97.14,91.40,94.09,1.55,1.67
18 Jul 2019,93.15,93.50,92.00,92.54,-0.48,-0.52
17 Jul 2019,93.90,95.40,92.70,93.02,-0.91,-0.97
16 Jul 2019,94.00,94.25,91.99,93.93,-0.05,-0.05
15 Jul 2019,96.12,97.50,93.70,93.98,-3.04,-3.13
12 Jul 2019,95.00,99.79,95.00,97.02,1.98,2.08
11 Jul 2019,94.50,96.00,93.10,95.04,0.07,0.07
10 Jul 2019,94.30,95.50,94.00,94.97,-0.01,-0.01
09 Jul 2019,95.00,96.50,94.50,94.98,0.09,0.09
08 Jul 2019,94.50,95.00,93.01,94.89,0.15,0.16
05 Jul 2019,96.00,96.00,94.50,94.74,-1.32,-1.37
04 Jul 2019,98.75,99.50,95.50,96.06,-1.20,-1.23
03 Jul 2019,93.00,97.26,93.00,97.26,4.63,5.00
02 Jul 2019,89.15,92.99,89.15,92.63,2.69,2.99
01 Jul 2019,87.75,90.00,87.75,89.94,2.74,3.14
28 Jun 2019,87.40,87.80,86.01,87.20,-0.15,-0.17
27 Jun 2019,90.51,90.80,86.50,87.35,-2.67,-2.97
26 Jun 2019,90.00,90.74,89.50,90.02,0.48,0.54
25 Jun 2019,90.50,90.50,89.00,89.54,-1.40,-1.54
24 Jun 2019,92.60,92.60,90.50,90.94,-1.61,-1.74
21 Jun 2019,93.98,93.98,92.30,92.55,-0.67,-0.72
20 Jun 2019,90.50,93.75,90.30,93.22,1.42,1.55
19 Jun 2019,93.00,93.00,91.31,91.80,-1.33,-1.43
18 Jun 2019,94.97,95.00,92.70,93.13,-1.54,-1.63
17 Jun 2019,96.50,96.50,93.99,94.67,-2.03,-2.10
14 Jun 2019,96.70,97.75,96.50,96.70,0.08,0.08
13 Jun 2019,96.05,98.50,95.50,96.62,1.29,1.35
12 Jun 2019,95.99,98.00,95.02,97.83,2.23,2.33
11 Jun 2019,90.00,95.61,90.00,95.60,4.54,4.99
10 Jun 2019,89.00,94.00,88.85,91.06,0.00,0.00
03 Jun 2019,91.50,92.00,91.00,91.06,-1.14,-1.24
30 May 2019,96.90,98.50,91.01,92.20,-2.37,-2.51
29 May 2019,90.00,94.57,90.00,94.57,4.50,5.00
28 May 2019,93.50,93.50,89.55,90.07,-4.19,-4.45
27 May 2019,98.05,98.05,94.00,94.26,-3.42,-3.50
24 May 2019,95.51,98.22,94.50,97.68,4.13,4.41
23 May 2019,91.70,93.57,91.00,93.55,4.43,4.97
22 May 2019,86.50,89.12,85.30,89.12,4.24,5.00
21 May 2019,86.50,88.25,84.70,84.88,-1.60,-1.85
20 May 2019,88.00,88.00,85.00,86.48,-0.67,-0.77
17 May 2019,90.06,90.06,86.91,87.15,-4.33,-4.73
16 May 2019,92.00,93.25,91.25,91.48,-0.71,-0.77
15 May 2019,92.50,93.00,88.40,92.19,-0.23,-0.25
14 May 2019,93.49,93.50,92.01,92.42,-0.69,-0.74
13 May 2019,98.98,99.50,93.10,93.11,-4.89,-4.99
10 May 2019,97.50,98.50,97.20,98.00,-0.43,-0.44
09 May 2019,97.70,101.00,97.50,98.43,-0.60,-0.61
08 May 2019,101.00,101.00,98.80,99.03,-2.32,-2.29
07 May 2019,102.40,102.40,101.00,101.35,0.24,0.24
06 May 2019,101.30,101.95,101.00,101.11,-0.93,-0.91
03 May 2019,102.05,102.75,101.80,102.04,-1.46,-1.41
02 May 2019,104.15,104.15,103.45,103.50,-0.41,-0.39
30 Apr 2019,103.99,104.40,103.00,103.91,-0.28,-0.27
29 Apr 2019,106.40,106.40,104.00,104.19,-0.43,-0.41
26 Apr 2019,105.25,106.00,104.50,104.62,-0.33,-0.31
25 Apr 2019,104.98,105.00,104.60,104.95,0.31,0.30
24 Apr 2019,104.52,105.10,104.25,104.64,-0.33,-0.31
23 Apr 2019,105.05,105.10,104.00,104.97,-0.53,-0.50
22 Apr 2019,106.02,106.60,104.55,105.50,-1.14,-1.07
19 Apr 2019,104.40,107.25,104.40,106.64,2.57,2.47
18 Apr 2019,101.49,105.00,101.49,104.07,2.51,2.47
17 Apr 2019,102.88,102.88,101.50,101.56,-0.75,-0.73
16 Apr 2019,101.26,102.70,101.26,102.31,1.05,1.04
15 Apr 2019,101.00,101.80,101.00,101.26,-0.09,-0.09
12 Apr 2019,100.15,101.90,100.15,101.35,1.05,1.05
11 Apr 2019,99.75,100.70,99.75,100.30,0.31,0.31
10 Apr 2019,101.50,101.80,99.30,99.99,-1.53,-1.51
09 Apr 2019,102.05,103.00,101.00,101.52,-0.88,-0.86
08 Apr 2019,102.12,103.25,102.05,102.40,-0.39,-0.38
05 Apr 2019,103.00,103.01,102.13,102.79,-0.39,-0.38
04 Apr 2019,103.00,103.60,102.90,103.18,0.08,0.08
03 Apr 2019,103.25,103.50,103.00,103.10,-0.83,-0.80
02 Apr 2019,104.00,104.45,103.51,103.93,0.52,0.50
01 Apr 2019,104.10,104.10,103.26,103.41,-1.05,-1.01
29 Mar 2019,104.00,104.85,103.98,104.46,0.16,0.15
28 Mar 2019,105.50,105.50,104.00,104.30,-0.91,-0.86
27 Mar 2019,104.49,105.50,104.25,105.21,1.18,1.13
26 Mar 2019,103.80,104.10,103.00,104.03,0.00,0.00
25 Mar 2019,104.30,104.99,103.75,104.03,-0.71,-0.68
22 Mar 2019,104.50,105.00,104.50,104.74,0.16,0.15
21 Mar 2019,105.50,105.50,104.11,104.58,-0.75,-0.71
20 Mar 2019,105.30,105.80,104.90,105.33,0.28,0.27
19 Mar 2019,105.56,106.00,104.05,105.05,-0.69,-0.65
18 Mar 2019,105.00,108.12,105.00,105.74,2.75,2.67
15 Mar 2019,106.30,107.80,106.00,106.89,0.54,0.51
14 Mar 2019,106.49,107.00,105.90,106.35,0.53,0.50
13 Mar 2019,106.80,106.80,105.05,105.82,-0.18,-0.17
12 Mar 2019,105.90,106.15,105.60,106.00,0.16,0.15
11 Mar 2019,106.10,106.35,105.20,105.84,-0.18,-0.17
08 Mar 2019,107.00,107.00,105.16,106.02,-1.05,-0.98
07 Mar 2019,107.60,107.60,106.75,107.07,-0.50,-0.46
06 Mar 2019,108.05,108.05,107.00,107.57,-0.43,-0.40
05 Mar 2019,108.36,108.40,107.95,108.00,-0.36,-0.33
04 Mar 2019,107.90,108.50,107.00,108.36,0.85,0.79
01 Mar 2019,107.50,108.50,107.30,107.51,0.37,0.35
28 Feb 2019,107.80,108.10,106.05,107.14,0.52,0.49
27 Feb 2019,106.50,107.80,103.02,106.62,0.11,0.10
26 Feb 2019,107.90,108.48,106.05,106.51,-1.51,-1.40
25 Feb 2019,108.00,109.00,107.51,108.02,0.03,0.03
22 Feb 2019,107.40,108.10,107.00,107.99,0.47,0.44
21 Feb 2019,108.00,108.00,106.41,107.52,-0.18,-0.17
20 Feb 2019,106.80,107.97,106.02,107.70,0.90,0.84
19 Feb 2019,107.00,107.88,106.61,106.80,-0.14,-0.13
18 Feb 2019,107.98,108.15,106.30,106.94,-0.46,-0.43
15 Feb 2019,108.20,109.00,106.95,107.40,-1.09,-1.00
14 Feb 2019,108.55,109.20,108.05,108.49,-0.45,-0.41
13 Feb 2019,109.00,109.00,108.21,108.94,-0.18,-0.16
12 Feb 2019,107.20,109.40,107.20,109.12,1.57,1.46
11 Feb 2019,109.00,109.40,107.15,107.55,-1.31,-1.20
08 Feb 2019,108.50,109.75,108.11,108.86,1.34,1.25
07 Feb 2019,107.99,108.59,107.00,107.52,-0.42,-0.39
06 Feb 2019,107.00,109.50,106.70,107.94,1.83,1.72
04 Feb 2019,106.00,107.00,105.50,106.11,-0.06,-0.06
01 Feb 2019,106.52,106.98,105.86,106.17,-0.61,-0.57
31 Jan 2019,105.98,107.50,104.72,106.78,1.25,1.18
30 Jan 2019,107.00,107.00,105.10,105.53,-1.26,-1.18
29 Jan 2019,105.65,107.00,105.05,106.79,0.68,0.64
28 Jan 2019,106.50,106.80,105.20,106.11,-0.47,-0.44
25 Jan 2019,105.89,107.70,105.89,106.58,0.50,0.47
24 Jan 2019,106.15,106.89,103.60,106.08,0.54,0.51
23 Jan 2019,107.23,108.10,104.60,105.54,-1.69,-1.58
22 Jan 2019,106.80,108.25,106.10,107.23,0.42,0.39
21 Jan 2019,104.60,108.00,104.60,106.81,1.82,1.73
18 Jan 2019,103.50,105.65,103.00,104.99,1.24,1.20
17 Jan 2019,103.50,104.20,102.10,103.75,-0.50,-0.48
16 Jan 2019,105.25,106.50,103.80,104.25,-1.23,-1.17
15 Jan 2019,103.00,105.75,101.55,105.48,1.57,1.51
14 Jan 2019,105.10,105.25,103.00,103.91,2.86,2.83
11 Jan 2019,96.60,101.05,96.60,101.05,4.81,5.00
10 Jan 2019,96.30,96.70,96.00,96.24,-0.18,-0.19
09 Jan 2019,95.10,96.80,95.10,96.42,0.13,0.14
08 Jan 2019,94.60,96.99,94.11,96.29,1.94,2.06
07 Jan 2019,93.10,94.95,93.10,94.35,1.34,1.44
04 Jan 2019,93.30,93.50,92.60,93.01,-0.30,-0.32
03 Jan 2019,93.50,94.00,92.60,93.31,-0.44,-0.47
02 Jan 2019,94.25,94.50,93.00,93.75,-0.29,-0.31
01 Jan 2019,93.25,94.10,92.60,94.04,1.19,1.28
31 Dec 2018,91.95,93.20,91.10,92.85,0.88,0.96
28 Dec 2018,92.00,92.38,91.65,91.97,-0.04,-0.04
27 Dec 2018,91.99,92.20,91.80,92.01,0.48,0.52
26 Dec 2018,90.60,92.15,90.60,91.53,0.47,0.52
24 Dec 2018,91.51,91.51,90.06,91.06,-0.45,-0.49
21 Dec 2018,91.93,92.50,91.03,91.51,-0.23,-0.25
20 Dec 2018,92.20,92.20,91.50,91.74,-0.26,-0.28
19 Dec 2018,91.95,92.25,91.50,92.00,0.16,0.17
18 Dec 2018,92.00,92.05,90.99,91.84,-0.56,-0.61
17 Dec 2018,94.00,94.00,92.01,92.40,-1.91,-2.03
14 Dec 2018,94.00,94.50,93.00,94.31,1.03,1.10
13 Dec 2018,93.01,93.89,93.00,93.28,0.15,0.16
12 Dec 2018,93.50,93.60,92.30,93.13,0.07,0.08
11 Dec 2018,94.30,94.50,93.00,93.06,-1.18,-1.25
10 Dec 2018,94.20,96.30,94.20,96.04,1.79,1.90
07 Dec 2018,91.50,94.85,91.50,94.25,2.66,2.90
06 Dec 2018,93.30,93.30,90.08,91.59,-1.40,-1.51
05 Dec 2018,94.20,94.50,92.86,92.99,-0.99,-1.05
04 Dec 2018,93.50,96.80,93.50,93.98,0.34,0.36
03 Dec 2018,97.75,97.75,93.64,93.64,-4.92,-4.99
30 Nov 2018,98.00,99.25,97.50,98.56,0.32,0.33
29 Nov 2018,98.75,98.95,97.75,98.24,-0.65,-0.66
28 Nov 2018,99.40,99.50,98.00,98.89,-0.54,-0.54
27 Nov 2018,99.10,99.70,98.81,99.43,-0.02,-0.02
26 Nov 2018,99.20,99.70,98.75,99.45,-0.10,-0.10
23 Nov 2018,98.55,99.75,98.25,99.55,0.50,0.50
22 Nov 2018,98.20,99.50,98.20,99.05,0.25,0.25
20 Nov 2018,98.00,99.00,97.02,98.80,0.56,0.57
19 Nov 2018,99.08,99.08,98.00,98.24,-1.82,-1.82
16 Nov 2018,99.50,100.74,99.50,100.06,0.33,0.33
15 Nov 2018,98.90,99.88,98.30,99.73,0.99,1.00
14 Nov 2018,98.50,99.00,98.00,98.74,0.00,0.00
13 Nov 2018,98.10,98.99,98.00,98.74,0.10,0.10
12 Nov 2018,98.50,99.00,98.30,98.64,-0.16,-0.16
09 Nov 2018,98.06,99.09,98.06,98.80,-0.19,-0.19
08 Nov 2018,98.00,99.50,98.00,98.99,0.67,0.68
07 Nov 2018,97.95,98.75,97.53,98.32,0.89,0.91
06 Nov 2018,97.25,98.00,97.00,97.43,-0.51,-0.52
05 Nov 2018,98.10,98.40,96.50,97.94,-0.15,-0.15
02 Nov 2018,97.05,98.75,96.31,98.09,0.24,0.25
01 Nov 2018,98.00,98.70,97.70,97.85,-0.36,-0.37
31 Oct 2018,97.05,99.00,96.51,98.21,-0.12,-0.12
30 Oct 2018,98.80,98.80,98.00,98.33,-0.49,-0.50
29 Oct 2018,99.90,100.50,98.35,98.82,-0.70,-0.70
26 Oct 2018,97.00,100.00,95.26,99.52,2.33,2.40
25 Oct 2018,93.00,97.30,92.30,97.19,4.52,4.88
24 Oct 2018,89.99,92.79,89.99,92.67,4.29,4.85
23 Oct 2018,89.00,89.00,87.98,88.38,-0.60,-0.67
22 Oct 2018,90.00,90.30,88.75,88.98,-1.12,-1.24
19 Oct 2018,90.00,90.40,89.12,90.10,-0.03,-0.03
18 Oct 2018,91.00,91.00,89.35,90.13,1.04,1.17
17 Oct 2018,88.45,89.50,88.15,89.09,2.05,2.36
16 Oct 2018,89.70,91.20,87.00,87.04,-2.66,-2.97
15 Oct 2018,92.00,92.00,88.55,89.70,-1.53,-1.68
12 Oct 2018,93.00,93.00,91.01,91.23,-2.74,-2.92
11 Oct 2018,95.00,95.00,93.50,93.97,-1.19,-1.25
10 Oct 2018,94.25,96.94,93.50,95.16,0.92,0.98
09 Oct 2018,93.00,95.00,92.26,94.24,2.88,3.15
08 Oct 2018,95.50,96.12,91.15,91.36,-4.58,-4.77
05 Oct 2018,95.50,96.09,94.25,95.94,0.18,0.19
04 Oct 2018,96.00,96.00,95.00,95.76,-0.28,-0.29
03 Oct 2018,95.61,96.30,95.50,96.04,0.05,0.05
02 Oct 2018,97.06,97.06,95.81,95.99,-1.02,-1.05
01 Oct 2018,97.50,97.50,96.70,97.01,-0.63,-0.65
28 Sep 2018,98.00,98.40,97.00,97.64,-0.70,-0.71
27 Sep 2018,97.00,98.50,96.75,98.34,0.85,0.87
26 Sep 2018,97.52,97.95,97.01,97.49,-0.50,-0.51
25 Sep 2018,97.75,99.20,97.50,97.99,-0.29,-0.30
24 Sep 2018,97.01,98.40,96.60,98.28,1.11,1.14
19 Sep 2018,96.35,97.50,95.98,97.17,1.64,1.72
18 Sep 2018,94.50,96.05,92.50,95.53,1.04,1.10
17 Sep 2018,96.99,97.00,95.70,95.89,-1.07,-1.10
14 Sep 2018,96.50,97.50,96.50,96.96,0.24,0.25
13 Sep 2018,95.95,97.00,95.60,96.72,1.21,1.27
12 Sep 2018,96.61,96.99,95.33,95.51,-1.82,-1.87
11 Sep 2018,97.90,98.00,95.80,97.33,-0.32,-0.33
10 Sep 2018,96.01,97.90,95.70,97.65,0.91,0.94
07 Sep 2018,95.72,97.10,95.70,96.74,0.40,0.42
06 Sep 2018,96.25,96.90,96.25,96.34,0.09,0.09
05 Sep 2018,96.55,96.55,95.51,96.25,-0.62,-0.64
04 Sep 2018,97.39,97.39,96.40,96.87,-0.42,-0.43
03 Sep 2018,97.25,97.44,96.20,97.29,-0.20,-0.21
31 Aug 2018,97.00,97.86,95.75,97.49,0.52,0.54
30 Aug 2018,100.02,100.35,95.70,96.97,-3.76,-3.73
29 Aug 2018,102.60,102.60,100.50,100.73,-2.08,-2.02
28 Aug 2018,103.00,103.25,102.60,102.81,-0.05,-0.05
27 Aug 2018,103.00,103.50,102.40,102.86,-0.82,-0.79
24 Aug 2018,101.50,103.80,101.50,103.68,1.31,1.28
20 Aug 2018,102.00,102.60,101.85,102.37,0.62,0.61
17 Aug 2018,101.50,102.20,101.50,101.75,0.24,0.24
16 Aug 2018,101.59,102.05,100.91,101.51,-0.20,-0.20
15 Aug 2018,101.30,102.25,101.10,101.71,0.71,0.70
13 Aug 2018,100.70,101.70,100.70,101.00,0.48,0.48
10 Aug 2018,100.30,101.00,100.22,100.52,0.31,0.31
09 Aug 2018,100.31,100.50,100.00,100.21,0.00,0.00
08 Aug 2018,100.05,100.75,99.80,100.21,0.06,0.06
07 Aug 2018,101.10,101.10,100.05,100.15,-0.80,-0.79
06 Aug 2018,101.11,101.25,100.45,100.95,-0.38,-0.38
03 Aug 2018,98.50,101.90,98.50,101.33,2.88,2.93
02 Aug 2018,98.40,98.99,98.00,98.45,0.10,0.10
01 Aug 2018,99.25,99.70,97.75,98.35,-1.22,-1.23
31 Jul 2018,101.90,102.60,99.50,99.57,-1.59,-1.57
30 Jul 2018,100.06,102.00,100.06,101.16,0.95,0.95
27 Jul 2018,101.05,101.10,99.71,100.21,-0.26,-0.26
26 Jul 2018,100.90,101.25,99.50,100.47,0.85,0.85
24 Jul 2018,98.55,100.00,98.55,99.62,1.53,1.56
23 Jul 2018,99.10,99.15,97.75,98.09,-1.13,-1.14
20 Jul 2018,100.10,100.10,99.00,99.22,-0.83,-0.83
19 Jul 2018,100.25,102.75,99.50,100.05,0.96,0.97
18 Jul 2018,96.94,99.47,96.80,99.09,2.39,2.47
17 Jul 2018,95.49,97.00,93.25,96.70,1.60,1.68
16 Jul 2018,97.05,99.00,94.00,95.10,-1.50,-1.55
13 Jul 2018,98.00,98.05,96.30,96.60,-1.15,-1.18
12 Jul 2018,95.00,98.05,95.00,97.75,2.89,3.05
11 Jul 2018,94.05,96.45,93.90,94.86,1.22,1.30
10 Jul 2018,94.50,94.78,92.95,93.64,-0.80,-0.85
09 Jul 2018,96.00,96.50,93.00,94.44,-1.68,-1.75
06 Jul 2018,96.00,96.50,96.00,96.12,0.04,0.04
05 Jul 2018,96.00,97.25,95.75,96.08,0.04,0.04
04 Jul 2018,98.40,98.42,95.90,96.04,-2.71,-2.74
03 Jul 2018,99.00,99.00,98.50,98.75,-0.07,-0.07
02 Jul 2018,99.50,99.50,98.70,98.82,-0.07,-0.07
29 Jun 2018,98.52,100.00,98.50,98.89,0.32,0.32
28 Jun 2018,98.50,99.25,98.00,98.57,0.28,0.28
27 Jun 2018,95.57,98.90,95.57,98.29,2.90,3.04
26 Jun 2018,95.05,97.75,95.00,95.39,-0.22,-0.23
25 Jun 2018,98.00,98.60,95.01,95.61,-3.17,-3.21
22 Jun 2018,99.10,99.35,98.05,98.78,-0.53,-0.53
21 Jun 2018,99.51,100.16,98.80,99.31,-0.80,-0.80
20 Jun 2018,100.39,101.50,99.71,100.11,-0.20,-0.20
19 Jun 2018,96.61,100.85,96.50,100.31,4.26,4.44
14 Jun 2018,98.40,98.89,97.50,97.80,-0.10,-0.10
13 Jun 2018,96.55,98.24,96.50,97.90,1.46,1.51
12 Jun 2018,97.90,98.25,95.70,96.44,-1.57,-1.60
11 Jun 2018,98.15,98.80,97.60,98.01,0.19,0.19
07 Jun 2018,98.50,98.50,97.75,97.82,-0.68,-0.69
06 Jun 2018,98.90,99.00,98.45,98.50,0.12,0.12
05 Jun 2018,98.99,98.99,98.20,98.38,-0.43,-0.44
04 Jun 2018,98.00,98.89,97.75,98.81,0.71,0.72
01 Jun 2018,98.40,98.45,98.00,98.10,-0.21,-0.21
31 May 2018,98.05,98.75,97.75,98.31,0.01,0.01
30 May 2018,99.00,99.00,98.05,98.30,-0.24,-0.24
29 May 2018,98.50,99.00,98.40,98.54,-0.02,-0.02
28 May 2018,97.99,99.00,97.00,98.56,0.61,0.62
25 May 2018,98.48,98.48,97.52,97.95,-0.38,-0.39
24 May 2018,98.60,98.60,97.75,98.33,-0.42,-0.43
23 May 2018,99.00,100.55,98.50,98.75,0.33,0.34
22 May 2018,93.90,98.93,93.90,98.42,4.20,4.46
21 May 2018,94.61,95.30,94.15,94.22,-0.48,-0.51
18 May 2018,96.30,96.51,94.10,94.70,-1.81,-1.88
17 May 2018,96.10,96.65,96.10,96.51,-0.08,-0.08
16 May 2018,96.85,97.05,95.75,96.59,-0.02,-0.02
15 May 2018,96.52,96.99,95.00,96.61,0.12,0.12
14 May 2018,97.65,98.24,96.05,96.49,-1.65,-1.68
11 May 2018,98.50,98.98,98.00,98.14,0.09,0.09
10 May 2018,97.02,99.25,97.00,98.05,0.61,0.63
09 May 2018,97.80,97.80,95.00,97.44,0.23,0.24
08 May 2018,99.49,99.49,97.00,97.21,-2.18,-2.19
07 May 2018,98.12,100.00,98.12,99.39,1.34,1.37
04 May 2018,98.30,98.75,98.00,98.05,-0.25,-0.25
03 May 2018,99.50,99.50,98.01,98.30,-1.28,-1.29
02 May 2018,99.61,100.24,99.40,99.58,-0.18,-0.18
30 Apr 2018,100.47,101.50,99.25,99.76,0.29,0.29
27 Apr 2018,95.59,100.17,95.25,99.47,4.07,4.27
26 Apr 2018,95.00,95.55,94.50,95.40,0.73,0.77
25 Apr 2018,95.50,96.50,94.35,94.67,-0.51,-0.54
24 Apr 2018,94.10,95.35,94.05,95.18,0.65,0.69
23 Apr 2018,95.25,95.25,94.00,94.53,-0.51,-0.54
20 Apr 2018,95.40,96.00,94.75,95.04,-0.38,-0.40
19 Apr 2018,96.20,96.25,94.50,95.42,-0.43,-0.45
18 Apr 2018,96.50,97.47,95.50,95.85,-0.33,-0.34
17 Apr 2018,95.60,96.49,95.24,96.18,-0.08,-0.08
16 Apr 2018,99.10,99.50,95.90,96.26,-3.64,-3.64
13 Apr 2018,100.25,101.36,99.60,99.90,-0.21,-0.21
12 Apr 2018,102.24,102.24,99.35,100.11,-1.91,-1.87
11 Apr 2018,101.00,102.85,100.50,102.02,1.26,1.25
10 Apr 2018,101.99,102.50,100.61,100.76,0.51,0.51
09 Apr 2018,96.30,101.00,96.30,100.25,3.70,3.83
06 Apr 2018,97.60,99.74,95.75,96.55,-0.82,-0.84
05 Apr 2018,98.50,99.00,97.05,97.37,-0.87,-0.89
04 Apr 2018,98.00,99.49,96.75,98.24,1.30,1.34
03 Apr 2018,93.75,97.70,93.10,96.94,3.35,3.58
02 Apr 2018,93.75,94.90,93.25,93.59,-0.46,-0.49
30 Mar 2018,93.75,94.50,93.25,94.05,0.49,0.52
29 Mar 2018,92.50,95.45,92.50,93.56,1.50,1.63
28 Mar 2018,89.41,92.70,89.41,92.06,2.66,2.98
27 Mar 2018,89.12,89.90,88.98,89.40,0.19,0.21
26 Mar 2018,88.20,89.70,88.01,89.21,0.95,1.08
22 Mar 2018,86.49,88.60,86.45,88.26,2.06,2.39
21 Mar 2018,86.10,86.97,86.05,86.20,0.36,0.42
20 Mar 2018,84.75,86.40,84.75,85.84,1.23,1.45
19 Mar 2018,84.64,85.00,84.35,84.61,0.09,0.11
16 Mar 2018,85.31,85.50,84.00,84.52,-1.07,-1.25
15 Mar 2018,86.00,86.33,85.00,85.59,-0.40,-0.47
14 Mar 2018,86.60,86.75,85.75,85.99,-0.52,-0.60
13 Mar 2018,86.25,86.90,86.12,86.51,0.24,0.28
12 Mar 2018,86.25,87.00,86.00,86.27,0.25,0.29
09 Mar 2018,85.25,86.49,85.11,86.02,0.72,0.84
08 Mar 2018,86.10,86.10,85.00,85.30,-0.75,-0.87
07 Mar 2018,86.30,86.74,86.00,86.05,-0.43,-0.50
06 Mar 2018,87.20,87.50,86.30,86.48,-0.63,-0.72
05 Mar 2018,88.00,88.00,87.06,87.11,-0.43,-0.49
02 Mar 2018,89.89,91.00,89.40,90.54,0.90,1.00
01 Mar 2018,89.00,89.89,88.81,89.64,0.97,1.09
28 Feb 2018,87.49,89.00,87.35,88.67,1.29,1.48
27 Feb 2018,86.51,87.52,86.50,87.38,0.51,0.59
26 Feb 2018,86.66,87.15,86.10,86.87,-0.04,-0.05
23 Feb 2018,87.00,87.99,86.50,86.91,-0.14,-0.16
22 Feb 2018,86.01,87.25,85.01,87.05,1.15,1.34
21 Feb 2018,86.50,87.05,85.25,85.90,0.12,0.14
20 Feb 2018,86.50,86.96,85.00,85.78,-0.68,-0.79
19 Feb 2018,86.77,87.00,86.20,86.46,-0.31,-0.36
16 Feb 2018,86.30,87.25,86.15,86.77,0.35,0.40
15 Feb 2018,88.00,88.00,86.30,86.42,-1.37,-1.56
14 Feb 2018,88.31,88.70,87.50,87.79,-0.93,-1.05
13 Feb 2018,88.30,88.80,88.00,88.72,0.98,1.12
12 Feb 2018,88.74,88.85,87.50,87.74,-0.72,-0.81
09 Feb 2018,88.30,88.75,88.00,88.46,-0.26,-0.29
08 Feb 2018,89.53,90.00,88.35,88.72,-0.98,-1.09
07 Feb 2018,89.50,90.50,89.30,89.70,0.58,0.65
06 Feb 2018,89.12,89.35,87.70,89.12,0.00,0.00
02 Feb 2018,89.90,90.00,89.01,89.12,-0.61,-0.68
01 Feb 2018,90.70,90.70,89.57,89.73,-0.69,-0.76
31 Jan 2018,88.85,92.07,88.50,90.42,2.73,3.11
30 Jan 2018,85.95,89.48,85.95,87.69,2.03,2.37
29 Jan 2018,87.97,87.97,85.50,85.66,-2.07,-2.36
26 Jan 2018,88.25,88.62,86.91,87.73,-0.23,-0.26
25 Jan 2018,89.25,89.48,87.60,87.96,-1.11,-1.25
24 Jan 2018,91.25,91.75,88.80,89.07,-2.18,-2.39
23 Jan 2018,92.00,92.20,90.60,91.25,-0.63,-0.69
22 Jan 2018,90.95,92.00,89.80,91.88,1.17,1.29
19 Jan 2018,90.50,91.50,89.75,90.71,0.41,0.45
18 Jan 2018,90.20,91.20,89.36,90.30,0.47,0.52
17 Jan 2018,89.00,90.00,87.75,89.83,0.77,0.86
16 Jan 2018,87.55,90.40,87.50,89.06,1.55,1.77
15 Jan 2018,90.25,90.25,87.00,87.51,-3.01,-3.33
12 Jan 2018,90.00,91.00,89.00,90.52,0.26,0.29
11 Jan 2018,91.90,91.90,89.85,90.26,-1.69,-1.84
10 Jan 2018,90.04,92.20,89.75,91.95,1.73,1.92
09 Jan 2018,90.01,93.24,89.00,90.22,1.42,1.60
08 Jan 2018,84.55,88.80,84.50,88.80,4.22,4.99
05 Jan 2018,81.50,85.10,81.10,84.58,2.97,3.64
04 Jan 2018,80.60,82.19,80.60,81.61,1.15,1.43
03 Jan 2018,80.61,80.90,80.00,80.46,-0.17,-0.21
02 Jan 2018,79.25,81.25,78.80,80.63,1.58,2.00
01 Jan 2018,79.20,79.40,78.40,79.05,-0.06,-0.08
29 Dec 2017,77.35,80.10,77.28,79.11,1.79,2.32
28 Dec 2017,77.76,78.00,77.05,77.32,-0.68,-0.87
27 Dec 2017,76.90,78.10,76.60,78.00,1.46,1.91
26 Dec 2017,76.76,77.14,76.25,76.54,-0.34,-0.44
22 Dec 2017,75.00,77.34,74.80,76.88,2.64,3.56
21 Dec 2017,73.73,74.70,73.25,74.24,0.51,0.69
20 Dec 2017,74.50,74.74,73.50,73.73,-0.14,-0.19
19 Dec 2017,75.00,75.00,73.51,73.87,-0.55,-0.74
18 Dec 2017,75.50,75.60,74.25,74.42,-1.04,-1.38
15 Dec 2017,74.50,75.80,74.40,75.46,1.12,1.51
14 Dec 2017,75.52,75.80,74.05,74.34,-1.29,-1.71
13 Dec 2017,74.99,76.00,74.60,75.63,1.06,1.42
12 Dec 2017,75.50,75.79,73.50,74.57,-0.78,-1.04
11 Dec 2017,76.50,77.40,75.25,75.35,-1.21,-1.58
08 Dec 2017,76.25,77.97,75.00,76.56,0.00,0.00
07 Dec 2017,79.80,79.85,76.50,76.56,-3.01,-3.78
06 Dec 2017,79.74,79.74,79.00,79.57,0.13,0.16
05 Dec 2017,80.25,80.99,79.01,79.44,-0.67,-0.84
04 Dec 2017,81.40,81.68,80.02,80.11,-0.96,-1.18
30 Nov 2017,80.99,81.39,80.00,81.07,0.83,1.03
29 Nov 2017,81.50,82.50,81.50,81.74,0.23,0.28
28 Nov 2017,82.30,82.45,81.15,81.51,-0.77,-0.94
27 Nov 2017,82.30,82.88,82.10,82.28,-0.25,-0.30
24 Nov 2017,82.50,82.80,82.12,82.53,-0.36,-0.43
23 Nov 2017,83.50,84.00,82.52,82.89,-0.43,-0.52
22 Nov 2017,83.10,83.70,82.70,83.32,0.33,0.40
21 Nov 2017,82.00,83.55,82.00,82.99,0.93,1.13
20 Nov 2017,82.25,82.40,81.85,82.06,-0.56,-0.68
17 Nov 2017,82.50,83.65,82.20,82.62,0.29,0.35
16 Nov 2017,82.00,82.75,81.80,82.33,0.30,0.37
15 Nov 2017,82.02,82.30,81.90,82.03,0.04,0.05
14 Nov 2017,82.00,82.49,81.35,81.99,0.03,0.04
13 Nov 2017,82.31,82.40,81.80,81.96,-0.55,-0.67
10 Nov 2017,83.00,83.00,82.27,82.51,-0.62,-0.75
09 Nov 2017,82.80,83.50,82.80,83.13,0.19,0.23
08 Nov 2017,82.41,83.00,81.90,82.94,0.53,0.64
07 Nov 2017,82.75,83.10,82.30,82.41,-0.42,-0.51
06 Nov 2017,82.75,83.50,82.30,82.83,-0.13,-0.16
03 Nov 2017,81.30,83.05,81.05,82.96,1.69,2.08
02 Nov 2017,81.49,82.50,81.00,81.27,-0.11,-0.14
01 Nov 2017,80.23,81.75,80.23,81.38,1.30,1.62
31 Oct 2017,81.55,81.55,79.11,80.08,-1.85,-2.26
30 Oct 2017,83.62,83.90,81.65,81.93,-2.06,-2.45
27 Oct 2017,83.61,84.25,83.00,83.99,0.08,0.10
26 Oct 2017,82.22,84.25,82.22,83.91,1.72,2.09
25 Oct 2017,81.70,82.50,81.70,82.19,0.39,0.48
24 Oct 2017,81.99,82.10,81.35,81.80,-0.20,-0.24
23 Oct 2017,82.11,83.00,81.55,82.00,-0.32,-0.39
20 Oct 2017,81.50,82.90,81.00,82.32,1.04,1.28
19 Oct 2017,79.52,81.50,79.52,81.28,1.61,2.02
18 Oct 2017,80.39,80.39,78.75,79.67,-0.31,-0.39
17 Oct 2017,80.56,81.60,79.90,79.98,-0.89,-1.10
16 Oct 2017,79.50,81.49,79.20,80.87,1.45,1.83
13 Oct 2017,80.00,80.00,79.00,79.42,-0.63,-0.79
12 Oct 2017,81.00,81.00,79.70,80.05,-0.65,-0.81
11 Oct 2017,79.40,81.60,78.50,80.70,1.31,1.65
10 Oct 2017,79.80,79.80,78.00,79.39,-0.37,-0.46
09 Oct 2017,81.44,81.44,79.45,79.76,-1.50,-1.85
06 Oct 2017,80.10,81.50,80.10,81.26,1.03,1.28
05 Oct 2017,80.24,81.25,79.50,80.23,0.07,0.09
04 Oct 2017,81.31,81.70,77.50,80.16,-1.29,-1.58
03 Oct 2017,83.01,83.25,80.65,81.45,-2.01,-2.41
02 Oct 2017,83.54,84.25,82.70,83.46,0.32,0.38
29 Sep 2017,83.90,84.00,82.86,83.14,-0.40,-0.48
28 Sep 2017,84.30,84.40,83.32,83.54,-0.49,-0.58
27 Sep 2017,81.71,84.60,81.50,84.03,1.97,2.40
26 Sep 2017,82.40,82.98,81.45,82.06,-0.34,-0.41
25 Sep 2017,80.11,82.42,80.11,82.40,3.90,4.97
22 Sep 2017,81.00,81.00,78.30,78.50,-2.75,-3.38
21 Sep 2017,81.60,84.73,80.00,81.25,-0.35,-0.43
20 Sep 2017,82.59,82.99,81.15,81.60,-0.28,-0.34
19 Sep 2017,79.00,81.88,78.51,81.88,3.89,4.99
18 Sep 2017,74.90,77.99,74.15,77.99,3.71,4.99
15 Sep 2017,73.40,75.00,72.50,74.28,1.35,1.85
14 Sep 2017,73.90,74.01,73.01,73.93,0.48,0.65
13 Sep 2017,71.75,73.60,71.40,73.45,1.92,2.68
12 Sep 2017,71.39,71.75,70.50,71.53,0.13,0.18
11 Sep 2017,72.00,72.00,71.01,71.40,-0.24,-0.34
08 Sep 2017,71.78,73.00,71.16,71.64,0.75,1.06
07 Sep 2017,72.00,74.00,70.60,70.89,-1.73,-2.38
06 Sep 2017,73.00,74.50,72.11,72.62,-0.14,-0.19
05 Sep 2017,71.24,72.99,71.24,72.76,1.90,2.68
31 Aug 2017,70.66,71.50,69.80,70.86,0.79,1.13
30 Aug 2017,70.79,71.30,70.00,70.07,-0.18,-0.26
29 Aug 2017,72.90,73.00,70.00,70.25,-2.39,-3.29
28 Aug 2017,73.05,73.50,72.49,72.64,-0.50,-0.68
25 Aug 2017,73.60,74.75,72.97,73.14,-0.55,-0.75
24 Aug 2017,73.56,75.15,73.50,73.69,0.18,0.24
23 Aug 2017,72.23,74.00,72.00,73.51,0.83,1.14
22 Aug 2017,75.00,75.00,71.65,72.68,-2.43,-3.24
21 Aug 2017,77.98,78.00,75.00,75.11,-2.50,-3.22
18 Aug 2017,77.51,78.00,77.20,77.61,-0.41,-0.53
17 Aug 2017,78.75,78.86,77.77,78.02,-0.95,-1.20
16 Aug 2017,77.50,79.50,77.50,78.97,0.96,1.23
15 Aug 2017,78.85,79.10,77.50,78.01,-0.80,-1.02
11 Aug 2017,79.00,79.25,78.45,78.81,-0.18,-0.23
10 Aug 2017,79.95,80.00,78.84,78.99,-0.46,-0.58
09 Aug 2017,79.49,80.00,78.80,79.45,0.36,0.46
08 Aug 2017,81.00,81.01,78.81,79.09,-2.05,-2.53
07 Aug 2017,81.80,82.10,80.75,81.14,-0.40,-0.49
04 Aug 2017,82.22,82.22,81.40,81.54,-0.38,-0.46
03 Aug 2017,82.40,82.40,81.53,81.92,-0.22,-0.27
02 Aug 2017,81.70,82.50,81.25,82.14,0.88,1.08
01 Aug 2017,80.51,82.00,80.50,81.26,0.99,1.23
31 Jul 2017,84.60,88.20,80.00,80.27,-3.78,-4.50
28 Jul 2017,82.25,84.35,81.00,84.05,0.15,0.18
27 Jul 2017,84.10,84.25,83.25,83.90,-0.17,-0.20
26 Jul 2017,84.00,84.45,82.71,84.07,0.42,0.50
25 Jul 2017,83.38,84.19,83.15,83.65,0.52,0.63
24 Jul 2017,82.70,83.45,82.55,83.13,0.56,0.68
21 Jul 2017,81.75,82.90,81.00,82.57,0.28,0.34
20 Jul 2017,83.25,83.88,82.10,82.29,-0.45,-0.54
19 Jul 2017,83.56,83.99,82.50,82.74,-1.01,-1.21
18 Jul 2017,83.38,84.48,82.94,83.75,1.20,1.45
17 Jul 2017,81.06,83.00,81.00,82.55,0.51,0.62
14 Jul 2017,81.24,82.49,80.90,82.04,0.66,0.81
13 Jul 2017,81.40,82.35,80.60,81.38,0.56,0.69
12 Jul 2017,77.60,81.21,77.50,80.82,3.47,4.49
11 Jul 2017,79.00,79.50,77.25,77.35,-3.93,-4.84
10 Jul 2017,79.98,81.99,79.10,81.28,1.22,1.52
07 Jul 2017,80.95,81.24,79.80,80.06,-0.57,-0.71
06 Jul 2017,83.60,85.00,80.30,80.63,-2.80,-3.36
05 Jul 2017,82.48,84.75,81.00,83.43,1.35,1.64
04 Jul 2017,79.23,82.40,78.70,82.08,2.85,3.60
03 Jul 2017,82.15,82.15,78.60,79.23,-3.41,-4.13
30 Jun 2017,85.50,85.75,82.41,82.64,-1.92,-2.27
29 Jun 2017,84.39,84.99,82.50,84.56,0.77,0.92
22 Jun 2017,80.25,83.80,80.25,83.79,3.98,4.99
21 Jun 2017,79.99,80.50,77.00,79.81,0.00,0.00
20 Jun 2017,84.29,84.48,79.79,79.81,-4.17,-4.97
19 Jun 2017,87.00,87.25,83.35,83.98,-2.95,-3.39
16 Jun 2017,90.00,90.00,86.02,86.93,-3.11,-3.45
15 Jun 2017,91.49,91.49,90.00,90.04,-1.13,-1.24
14 Jun 2017,92.00,92.85,91.00,91.17,-0.25,-0.27
13 Jun 2017,92.00,92.50,90.00,91.42,0.31,0.34
12 Jun 2017,93.46,93.46,89.75,91.11,-2.85,-3.03
09 Jun 2017,93.60,94.20,93.50,93.96,0.49,0.52
08 Jun 2017,93.60,93.99,93.11,93.47,-0.12,-0.13
07 Jun 2017,94.00,94.25,93.45,93.59,-0.12,-0.13
06 Jun 2017,94.74,94.74,93.50,93.71,-0.48,-0.51
05 Jun 2017,94.83,94.99,93.90,94.19,0.53,0.57
02 Jun 2017,92.11,94.50,91.50,93.66,0.63,0.68
01 Jun 2017,96.10,96.10,91.92,93.03,-1.75,-1.85
31 May 2017,95.20,98.70,92.90,96.28,1.34,1.41
30 May 2017,96.55,96.95,94.70,94.94,-1.84,-1.90
29 May 2017,96.97,96.99,96.25,96.78,0.00,0.00
26 May 2017,97.30,97.75,96.50,96.78,-0.66,-0.68
25 May 2017,98.06,98.60,97.01,97.44,-0.95,-0.97
24 May 2017,97.48,98.98,97.00,98.39,1.42,1.46
23 May 2017,95.65,98.00,95.52,96.97,1.35,1.41
22 May 2017,95.11,96.00,95.11,95.62,0.43,0.45
19 May 2017,96.48,96.51,95.00,95.19,-0.89,-0.93
18 May 2017,96.88,96.88,96.01,96.08,-0.43,-0.45
17 May 2017,97.80,97.97,96.13,96.51,-0.85,-0.87
16 May 2017,100.15,100.15,97.00,97.36,-3.30,-3.28
15 May 2017,98.25,101.50,98.25,100.66,3.21,3.29
12 May 2017,98.00,98.49,97.00,97.45,-0.48,-0.49
11 May 2017,97.49,98.20,96.80,97.93,1.43,1.48
10 May 2017,96.70,97.00,96.00,96.50,0.31,0.32
09 May 2017,98.20,98.39,96.00,96.19,-1.39,-1.42
08 May 2017,98.50,99.90,97.00,97.58,-0.64,-0.65
05 May 2017,95.99,98.70,95.75,98.22,2.66,2.78
04 May 2017,94.30,95.76,94.30,95.56,1.45,1.54
03 May 2017,94.50,94.90,93.90,94.11,-0.52,-0.55
02 May 2017,96.05,96.05,94.40,94.63,-1.42,-1.48
28 Apr 2017,97.70,98.00,95.85,96.05,-1.39,-1.43
27 Apr 2017,98.50,98.87,97.21,97.44,-1.09,-1.11
26 Apr 2017,101.09,101.09,98.00,98.53,-2.67,-2.64
25 Apr 2017,102.39,102.39,100.85,101.20,-1.11,-1.08
24 Apr 2017,101.40,102.50,101.13,102.31,1.15,1.14
21 Apr 2017,99.84,102.00,99.16,101.16,1.85,1.86
20 Apr 2017,96.10,100.72,95.75,99.31,3.38,3.52
19 Apr 2017,93.00,96.23,92.39,95.93,1.24,1.31
18 Apr 2017,94.11,95.50,94.11,94.69,0.54,0.57
17 Apr 2017,98.01,98.50,93.80,94.15,-3.67,-3.75
14 Apr 2017,99.60,99.83,97.50,97.82,-1.78,-1.79
13 Apr 2017,101.10,101.10,99.50,99.60,-0.72,-0.72
12 Apr 2017,99.62,101.00,99.62,100.32,0.45,0.45
11 Apr 2017,100.75,101.25,99.70,99.87,-1.17,-1.16
10 Apr 2017,100.92,101.45,99.90,101.04,0.52,0.52
07 Apr 2017,99.00,100.97,99.00,100.52,1.63,1.65
06 Apr 2017,100.85,100.92,98.50,98.89,-1.58,-1.57
05 Apr 2017,101.81,102.20,100.10,100.47,-1.12,-1.10
04 Apr 2017,103.40,103.47,101.35,101.59,-1.74,-1.68
03 Apr 2017,103.80,104.10,103.25,103.33,-0.27,-0.26
31 Mar 2017,104.25,104.50,103.26,103.60,-0.57,-0.55
30 Mar 2017,104.11,104.70,103.93,104.17,-0.45,-0.43
29 Mar 2017,104.80,105.19,104.50,104.62,0.00,0.00
28 Mar 2017,104.26,104.70,104.26,104.62,0.15,0.14
27 Mar 2017,104.90,105.00,104.25,104.47,-0.43,-0.41
24 Mar 2017,105.70,105.70,104.70,104.90,-0.53,-0.50
22 Mar 2017,105.79,105.89,105.30,105.43,0.12,0.11
21 Mar 2017,105.98,105.99,104.98,105.31,-0.40,-0.38
20 Mar 2017,105.98,106.01,105.11,105.71,0.09,0.09
17 Mar 2017,107.50,108.90,105.05,105.62,-1.81,-1.68
16 Mar 2017,108.10,108.24,107.00,107.43,-1.14,-1.05
15 Mar 2017,108.00,109.00,106.40,108.57,0.75,0.70
14 Mar 2017,108.20,108.20,107.25,107.82,-0.07,-0.06
13 Mar 2017,108.01,108.30,107.70,107.89,-0.52,-0.48
10 Mar 2017,108.10,108.70,107.75,108.41,0.06,0.06
09 Mar 2017,109.75,110.00,107.12,108.35,-1.64,-1.49
08 Mar 2017,109.00,110.09,108.91,109.99,1.17,1.08
07 Mar 2017,108.60,109.20,108.00,108.82,0.92,0.85
06 Mar 2017,111.60,111.96,110.25,110.65,0.02,0.02
03 Mar 2017,110.01,111.87,110.01,110.63,0.68,0.62
02 Mar 2017,108.97,110.50,108.97,109.95,1.09,1.00
01 Mar 2017,108.35,109.25,108.30,108.86,0.76,0.70
28 Feb 2017,108.55,108.55,107.90,108.10,-0.56,-0.52
27 Feb 2017,109.00,109.50,108.10,108.66,-0.01,-0.01
24 Feb 2017,109.10,109.39,108.40,108.67,-0.45,-0.41
23 Feb 2017,109.50,109.60,108.50,109.12,-0.47,-0.43
22 Feb 2017,109.75,110.70,109.05,109.59,-0.16,-0.15
21 Feb 2017,110.11,110.32,109.51,109.75,-0.61,-0.55
20 Feb 2017,111.56,111.94,109.50,110.36,-1.20,-1.08
17 Feb 2017,111.40,112.49,111.20,111.56,-0.02,-0.02
16 Feb 2017,111.00,111.90,111.00,111.58,0.61,0.55
15 Feb 2017,112.00,112.30,110.75,110.97,-0.84,-0.75
14 Feb 2017,112.65,113.10,111.65,111.81,-1.32,-1.17
13 Feb 2017,113.20,114.45,112.50,113.13,0.30,0.27
10 Feb 2017,112.49,114.00,112.20,112.83,0.67,0.60
09 Feb 2017,112.25,112.50,111.90,112.16,-0.30,-0.27
08 Feb 2017,113.11,113.45,112.25,112.46,-0.58,-0.51
07 Feb 2017,113.00,113.70,112.70,113.04,0.21,0.19
06 Feb 2017,112.60,113.24,112.25,112.83,0.62,0.55
03 Feb 2017,113.76,113.89,112.00,112.21,-1.54,-1.35
02 Feb 2017,115.20,115.70,113.50,113.75,-1.36,-1.18
01 Feb 2017,116.05,116.80,114.50,115.11,-0.69,-0.60
31 Jan 2017,114.81,117.70,114.00,115.80,0.91,0.79
30 Jan 2017,117.00,117.00,114.50,114.89,-1.61,-1.38
27 Jan 2017,118.10,118.49,116.30,116.50,-1.55,-1.31
26 Jan 2017,117.00,118.25,116.30,118.05,0.76,0.65
25 Jan 2017,118.40,118.95,117.10,117.29,-1.25,-1.05
24 Jan 2017,119.45,119.90,118.00,118.54,-0.42,-0.35
23 Jan 2017,118.50,119.70,117.85,118.96,1.14,0.97
20 Jan 2017,118.00,119.65,117.25,117.82,0.06,0.05
19 Jan 2017,116.52,118.00,115.60,117.76,1.16,0.99
18 Jan 2017,118.25,118.40,116.25,116.60,-1.08,-0.92
17 Jan 2017,117.00,118.47,115.26,117.68,0.74,0.63
16 Jan 2017,118.45,119.00,116.51,116.94,0.58,0.50
13 Jan 2017,116.60,117.80,115.75,116.36,-0.34,-0.29
12 Jan 2017,117.10,118.40,115.15,116.70,0.59,0.51
11 Jan 2017,113.25,116.78,112.76,116.11,4.07,3.63
10 Jan 2017,113.00,113.50,110.05,112.04,-3.24,-2.81
09 Jan 2017,114.75,117.75,114.75,115.28,1.26,1.11
06 Jan 2017,111.30,114.40,111.30,114.02,2.67,2.40
05 Jan 2017,109.70,112.49,109.60,111.35,1.89,1.73
04 Jan 2017,110.52,111.90,109.00,109.46,-1.33,-1.20
03 Jan 2017,107.70,111.49,106.52,110.79,3.25,3.02
02 Jan 2017,104.80,109.10,104.80,107.54,3.17,3.04
